<?xml version="1.0" encoding="UTF-8"?>
<rss version="2.0" xmlns:ror="http://rorweb.com/0.1/" >
<channel>
  <title>ROR Sitemap for http://socalponds.com/</title>
  <link>http://socalponds.com/</link>

<item>
     <link>http://socalponds.com/</link>
     <title>So-Cal Ponds Inc</title>
     <description>So Cal Ponds Inc. specializes in the maintenance, repair, service and construction of koi ponds, water gardens and ornamental water features.</description>
     <ror:updatePeriod>yearly</ror:updatePeriod>
     <ror:sortOrder>0</ror:sortOrder>
     <ror:resourceOf>sitemap</ror:resourceOf>
</item>
<item>
     <link>http://socalponds.com/index.html</link>
     <title>So-Cal Ponds Inc</title>
     <description>So Cal Ponds Inc. specializes in the maintenance, repair, service and construction of koi ponds, water gardens and ornamental water features.</description>
     <ror:updatePeriod>yearly</ror:updatePeriod>
     <ror:sortOrder>1</ror:sortOrder>
     <ror:resourceOf>sitemap</ror:resourceOf>
</item>
<item>
     <link>http://socalponds.com/about.html</link>
     <title>So-Cal Ponds Inc</title>
     <description>So Cal Ponds Inc. specializes in the maintenance, repair, service and construction of koi ponds, water gardens and ornamental water features.</description>
     <ror:updatePeriod>yearly</ror:updatePeriod>
     <ror:sortOrder>1</ror:sortOrder>
     <ror:resourceOf>sitemap</ror:resourceOf>
</item>
<item>
     <link>http://socalponds.com/services/services/maintenance.html</link>
     <title>So-Cal Ponds Inc</title>
     <description>So Cal Ponds Inc. specializes in the maintenance, repair, service and construction of koi ponds, water gardens and ornamental water features.</description>
     <ror:updatePeriod>yearly</ror:updatePeriod>
     <ror:sortOrder>1</ror:sortOrder>
     <ror:resourceOf>sitemap</ror:resourceOf>
</item>
<item>
     <link>http://socalponds.com/services/construction/pond-design.html</link>
     <title>So-Cal Ponds Inc</title>
     <description>So Cal Ponds Inc. specializes in the maintenance, repair, service and construction of koi ponds, water gardens and ornamental water features.</description>
     <ror:updatePeriod>yearly</ror:updatePeriod>
     <ror:sortOrder>1</ror:sortOrder>
     <ror:resourceOf>sitemap</ror:resourceOf>
</item>
<item>
     <link>http://socalponds.com/services/construction/bog-filtration.html</link>
     <title>So-Cal Ponds Inc</title>
     <description>So Cal Ponds Inc. specializes in the maintenance, repair, service and construction of koi ponds, water gardens and ornamental water features.</description>
     <ror:updatePeriod>yearly</ror:updatePeriod>
     <ror:sortOrder>1</ror:sortOrder>
     <ror:resourceOf>sitemap</ror:resourceOf>
</item>
<item>
     <link>http://socalponds.com/services/supplies/pumps.html</link>
     <title>So-Cal Ponds Inc</title>
     <description>So Cal Ponds Inc. specializes in the maintenance, repair, service and construction of koi ponds, water gardens and ornamental water features.</description>
     <ror:updatePeriod>yearly</ror:updatePeriod>
     <ror:sortOrder>1</ror:sortOrder>
     <ror:resourceOf>sitemap</ror:resourceOf>
</item>
<item>
     <link>http://socalponds.com/services/supplies/beneficial-bacteria.html</link>
     <title>So-Cal Ponds Inc</title>
     <description>So Cal Ponds Inc. specializes in the maintenance, repair, service and construction of koi ponds, water gardens and ornamental water features.</description>
     <ror:updatePeriod>yearly</ror:updatePeriod>
     <ror:sortOrder>1</ror:sortOrder>
     <ror:resourceOf>sitemap</ror:resourceOf>
</item>
<item>
     <link>http://socalponds.com/services/supplies/filters.html</link>
     <title>So-Cal Ponds Inc</title>
     <description>So Cal Ponds Inc. specializes in the maintenance, repair, service and construction of koi ponds, water gardens and ornamental water features.</description>
     <ror:updatePeriod>yearly</ror:updatePeriod>
     <ror:sortOrder>1</ror:sortOrder>
     <ror:resourceOf>sitemap</ror:resourceOf>
</item>
<item>
     <link>http://socalponds.com/services/supplies/skimmers.html</link>
     <title>So-Cal Ponds Inc</title>
     <description>So Cal Ponds Inc. specializes in the maintenance, repair, service and construction of koi ponds, water gardens and ornamental water features.</description>
     <ror:updatePeriod>yearly</ror:updatePeriod>
     <ror:sortOrder>1</ror:sortOrder>
     <ror:resourceOf>sitemap</ror:resourceOf>
</item>
<item>
     <link>http://socalponds.com/services/services/clean-out.html</link>
     <title>So-Cal Ponds Inc</title>
     <description>So Cal Ponds Inc. specializes in the maintenance, repair, service and construction of koi ponds, water gardens and ornamental water features.</description>
     <ror:updatePeriod>yearly</ror:updatePeriod>
     <ror:sortOrder>1</ror:sortOrder>
     <ror:resourceOf>sitemap</ror:resourceOf>
</item>
<item>
     <link>http://socalponds.com/services/services/repair.html</link>
     <title>So-Cal Ponds Inc</title>
     <description>So Cal Ponds Inc. specializes in the maintenance, repair, service and construction of koi ponds, water gardens and ornamental water features.</description>
     <ror:updatePeriod>yearly</ror:updatePeriod>
     <ror:sortOrder>1</ror:sortOrder>
     <ror:resourceOf>sitemap</ror:resourceOf>
</item>
<item>
     <link>http://socalponds.com/portfolio/pondsngardens.html</link>
     <title>So-Cal Ponds Inc</title>
     <description>So Cal Ponds Inc. specializes in the maintenance, repair, service and construction of koi ponds, water gardens and ornamental water features.</description>
     <ror:updatePeriod>yearly</ror:updatePeriod>
     <ror:sortOrder>1</ror:sortOrder>
     <ror:resourceOf>sitemap</ror:resourceOf>
</item>
<item>
     <link>http://socalponds.com/portfolio/landscape.html</link>
     <title>So-Cal Ponds Inc</title>
     <description>So Cal Ponds Inc. specializes in the maintenance, repair, service and construction of koi ponds, water gardens and ornamental water features.</description>
     <ror:updatePeriod>yearly</ror:updatePeriod>
     <ror:sortOrder>1</ror:sortOrder>
     <ror:resourceOf>sitemap</ror:resourceOf>
</item>
<item>
     <link>http://socalponds.com/portfolio/aquaticplants.html</link>
     <title>So-Cal Ponds Inc</title>
     <description>So Cal Ponds Inc. specializes in the maintenance, repair, service and construction of koi ponds, water gardens and ornamental water features.</description>
     <ror:updatePeriod>yearly</ror:updatePeriod>
     <ror:sortOrder>1</ror:sortOrder>
     <ror:resourceOf>sitemap</ror:resourceOf>
</item>
<item>
     <link>http://socalponds.com/contact/contact.html</link>
     <title>So-Cal Ponds Inc</title>
     <description>So Cal Ponds Inc. specializes in the maintenance, repair, service and construction of koi ponds, water gardens and ornamental water features.</description>
     <ror:updatePeriod>yearly</ror:updatePeriod>
     <ror:sortOrder>1</ror:sortOrder>
     <ror:resourceOf>sitemap</ror:resourceOf>
</item>
<item>
     <link>http://socalponds.com/contact/service.html</link>
     <title>So-Cal Ponds Inc</title>
     <description>So Cal Ponds Inc. specializes in the maintenance, repair, service and construction of koi ponds, water gardens and ornamental water features.</description>
     <ror:updatePeriod>yearly</ror:updatePeriod>
     <ror:sortOrder>1</ror:sortOrder>
     <ror:resourceOf>sitemap</ror:resourceOf>
</item>
<item>
     <link>http://socalponds.com/maint.html</link>
     <title>So-Cal Ponds Inc</title>
     <description>So Cal Ponds Inc. specializes in the maintenance, repair, service and construction of koi ponds, water gardens and ornamental water features.</description>
     <ror:updatePeriod>yearly</ror:updatePeriod>
     <ror:sortOrder>1</ror:sortOrder>
     <ror:resourceOf>sitemap</ror:resourceOf>
</item>
<item>
     <link>http://socalponds.com/sitemap.html</link>
     <title>So-Cal Ponds Inc</title>
     <description>So Cal Ponds Inc. specializes in the maintenance, repair, service and construction of koi ponds, water gardens and ornamental water features.</description>
     <ror:updatePeriod>yearly</ror:updatePeriod>
     <ror:sortOrder>1</ror:sortOrder>
     <ror:resourceOf>sitemap</ror:resourceOf>
</item>
</channel>
</rss>
  